Index,Label_GT,Predicted_Label,Lipschitz_Constant,Robust_Epsilon,Adv_Epsilon_AA,Adv_Epsilon_PGD
0,0,0,1.0,1.482656,2.586421,3.151367
1,0,0,1.0,2.0995615,3.1480665,3.5485141
2,0,0,1.0,1.8961864,3.2404864,3.4355133
3,0,0,1.0,2.0774922,3.541925,3.9931686
4,0,0,1.0,1.9262872,3.1678724,3.481903
5,0,0,1.0,1.0874507,2.1042445,2.2812216
6,0,0,1.0,1.7301764,2.9238205,3.6921928
7,0,0,1.0,2.777856,4.0422273,4.868307
8,0,0,1.0,2.0047443,3.0464995,3.4842253
9,0,0,1.0,0.945454,1.7988771,2.0203025
